Pesquisar,Custo,Cliques,Impressões,Conversões
entrevista em ingles,"R$ 4,39",3,82,"0,00"
entrevista de emprego em ingles,"R$ 7,36",5,42,"0,00"
entrevista em inglês,"R$ 2,81",2,39,"0,00"
entrevista em ingles como se preparar,"R$ 1,50",1,17,"0,00"
entrevista de emprego em inglês perguntas e respostas,"R$ 1,42",1,16,"0,00"
entrevista em inglês perguntas e respostas,"R$ 8,83",6,13,"0,00"
entrevistas em inglês perguntas e respostas,"R$ 0,00",0,10,"0,00"
entrevista bilingue,"R$ 0,00",0,8,"0,00"
entrevista de emprego em inglês,"R$ 2,87",2,8,"0,00"
interview in english,"R$ 1,48",1,8,"0,00"
entrevistas em ingles,"R$ 1,45",1,7,"0,00"
como se apresentar em uma entrevista em ingles,"R$ 0,00",0,6,"0,00"
exemplos de entrevistas em ingles,"R$ 2,59",2,6,"0,00"
inglês para entrevista de emprego,"R$ 0,00",0,6,"0,00"
perguntas em entrevista de emprego ingles,"R$ 0,00",0,6,"0,00"
entrevistas em inglês,"R$ 0,00",0,5,"0,00"
ingles para entrevistas de emprego,"R$ 0,00",0,5,"0,00"
perguntas em entrevista de emprego em ingles,"R$ 0,98",1,5,"0,00"
entrevista de emprego ingles,"R$ 0,00",0,4,"0,00"
ingles para entrevistas,"R$ 0,84",1,4,"0,00"
perguntas de entrevista em inglês,"R$ 1,43",1,4,"0,00"
perguntas em ingles entrevista,"R$ 0,00",0,4,"0,00"
perguntas em ingles para entrevista,"R$ 0,00",0,4,"0,00"
perguntas em ingles para entrevista de emprego,"R$ 0,00",0,4,"0,00"
perguntas em inglês entrevista,"R$ 0,00",0,4,"0,00"
perguntas em inglês para entrevista de emprego,"R$ 0,00",0,4,"0,00"
principais perguntas em uma entrevista em ingles,"R$ 0,00",0,4,"0,00"
simulação de entrevista de emprego em inglês,"R$ 0,00",0,4,"0,00"
50 perguntas e respostas de entrevista de emprego em inglês,"R$ 1,49",1,3,"0,00"
apresentação em ingles para entrevista de emprego,"R$ 0,00",0,3,"0,00"
como fazer uma entrevista de emprego em ingles,"R$ 1,50",1,3,"0,00"
como fazer uma entrevista em ingles sem saber ingles,"R$ 0,00",0,3,"0,00"
como se apresentar em uma entrevista de emprego em ingles,"R$ 0,00",0,3,"0,00"
como se preparar para uma entrevista de emprego em ingles,"R$ 0,00",0,3,"0,00"
como se preparar para uma entrevista em ingles,"R$ 1,46",1,3,"0,00"
como se sair bem em uma entrevista em ingles,"R$ 0,00",0,3,"0,00"
entrevista em ingles dicas,"R$ 0,00",0,3,"0,00"
entrevista em ingles perguntas,"R$ 0,00",0,3,"0,00"
perguntas e respostas em ingles para entrevista,"R$ 0,00",0,3,"0,00"
perguntas em inglês entrevista de emprego,"R$ 0,00",0,3,"0,00"
perguntas entrevista em inglês,"R$ 0,00",0,3,"0,00"
vocabulario em ingles para entrevista de emprego,"R$ 1,45",1,3,"0,00"
como se apresentar em inglês em uma entrevista,"R$ 0,00",0,2,"0,00"
como se preparar para uma entrevista de emprego em inglês,"R$ 0,00",0,2,"0,00"
como se preparar para uma entrevista em inglês,"R$ 1,50",1,2,"0,00"
como é entrevista em inglês,"R$ 0,00",0,2,"0,00"
como é uma entrevista em ingles,"R$ 0,00",0,2,"0,00"
dicas para entrevista de emprego em ingles,"R$ 0,00",0,2,"0,00"
dicas para entrevista em inglês,"R$ 0,00",0,2,"0,00"
dicas para entrevistas em ingles,"R$ 0,00",0,2,"0,00"
entrevista de emprego em inglês pdf,"R$ 0,00",0,2,"0,00"
entrevista de emprego em inglês perguntas e respostas pdf,"R$ 1,48",1,2,"0,00"
entrevista de ingles,"R$ 0,00",0,2,"0,00"
entrevista de ingles basico,"R$ 0,00",0,2,"0,00"
entrevista em inglês perguntas,"R$ 0,00",0,2,"0,00"
entrevista ingles,"R$ 0,00",0,2,"0,00"
entrevista inglês,"R$ 0,00",0,2,"0,00"
entrevistas de emprego em inglês,"R$ 1,49",1,2,"0,00"
entrevistas em ingles perguntas,"R$ 1,49",1,2,"0,00"
modelo de entrevista em inglês,"R$ 0,00",0,2,"0,00"
o que falar em uma entrevista em ingles,"R$ 0,00",0,2,"0,00"
perguntas em entrevistas em inglês,"R$ 0,00",0,2,"0,00"
perguntas em ingles entrevista de emprego,"R$ 1,44",1,2,"0,00"
perguntas em inglês para entrevista,"R$ 0,00",0,2,"0,00"
perguntas para entrevista de emprego em ingles,"R$ 0,00",0,2,"0,00"
perguntas para entrevista em inglês,"R$ 1,48",1,2,"0,00"
uma entrevista em ingles,"R$ 0,00",0,2,"0,00"
videos de entrevistas em ingles,"R$ 0,00",0,2,"0,00"
vocabulário para entrevista em inglês,"R$ 0,00",0,2,"0,00"
como fazer entrevista em ingles,"R$ 0,00",0,1,"0,00"
como fazer uma entrevista em inglês,"R$ 0,00",0,1,"0,00"
como se apresentar em ingles numa entrevista de emprego,"R$ 0,00",0,1,"0,00"
english interview,"R$ 0,00",0,1,"0,00"
english interview simulation,"R$ 0,00",0,1,"0,00"
entrevista de emprego em ingles perguntas e respostas,"R$ 0,00",0,1,"0,00"
entrevista de emprego em inglês exercícios,"R$ 0,00",0,1,"0,00"
entrevista de emprego em inglês tradução,"R$ 0,00",0,1,"0,00"
entrevista de trabalho em ingles,"R$ 0,00",0,1,"0,00"
entrevista em ingles nivel intermediario,"R$ 0,00",0,1,"0,00"
entrevista em ingles tradução,"R$ 0,00",0,1,"0,00"
entrevista em inglês google tradutor,"R$ 0,00",0,1,"0,00"
entrevista em inglês perguntas e respostas pdf,"R$ 0,00",0,1,"0,00"
entrevista inglês intermediário,"R$ 0,00",0,1,"0,00"
frases em ingles para entrevista de emprego,"R$ 0,00",0,1,"0,00"
ingles para entrevista,"R$ 0,00",0,1,"0,00"
ingles para entrevista de emprego,"R$ 0,00",0,1,"0,00"
inglês para entrevistas de emprego,"R$ 0,00",0,1,"0,00"
modelo de entrevista em ingles,"R$ 0,00",0,1,"0,00"
perguntas comuns em entrevistas de emprego em ingles,"R$ 0,00",0,1,"0,00"
perguntas de entrevista em ingles,"R$ 0,00",0,1,"0,00"
perguntas de uma entrevista em ingles,"R$ 0,00",0,1,"0,00"
perguntas em ingles para entrevistas,"R$ 0,00",0,1,"0,00"
perguntas entrevista de emprego ingles,"R$ 0,00",0,1,"0,00"
perguntas entrevista em ingles,"R$ 0,00",0,1,"0,00"
perguntas frequentes em entrevistas de emprego em inglês,"R$ 0,00",0,1,"0,00"
perguntas para entrevista em ingles,"R$ 0,00",0,1,"0,00"
preparação para entrevista em ingles,"R$ 0,00",0,1,"0,00"
principais perguntas em entrevista de emprego em ingles,"R$ 1,49",1,1,"0,00"
programa de entrevista em inglês,"R$ 0,00",0,1,"0,00"
qualidades em ingles para entrevista,"R$ 0,00",0,1,"0,00"
